{"cameraMode":{"drawMode":0,"name":"Shaded","section":"Shading Mode"},"sceneLighting":false,"audioPlay":false,"sceneViewState":{"showFog":true,"showMaterialUpdate":false,"showSkybox":false,"showFlares":true,"showImageEffects":true,"showParticleSystems":true},"in2DMode":false,"pivot":{"x":-0.02498805522918701,"y":-0.010461091995239258,"z":8.00199031829834},"rotation":{"x":0.12960447371006013,"y":0.23504012823104859,"z":-0.03164505958557129,"w":0.9627862572669983},"size":3.7422845363616945,"orthographic":true}